file,volume
D:\\FINANCE PROJECTS\\DATASETS\\archive\360ONE_minute.csv,924521.8052066587
D:\\FINANCE PROJECTS\\DATASETS\\archive\3MINDIA_minute.csv,284631.6737563142
D:\\FINANCE PROJECTS\\DATASETS\\archive\AADHARHFC_minute.csv,1173117.7492090545
D:\\FINANCE PROJECTS\\DATASETS\\archive\AARTIIND_minute.csv,1105382.7817041613
D:\\FINANCE PROJECTS\\DATASETS\\archive\AAVAS_minute.csv,777552.1725813688
D:\\FINANCE PROJECTS\\DATASETS\\archive\ABBOTINDIA_minute.csv,516973.88277732884
D:\\FINANCE PROJECTS\\DATASETS\\archive\ABB_minute.csv,1900926.9191990467
D:\\FINANCE PROJECTS\\DATASETS\\archive\ABCAPITAL_minute.csv,1751485.9039031125
D:\\FINANCE PROJECTS\\DATASETS\\archive\ABFRL_minute.csv,1341701.5115103514
D:\\FINANCE PROJECTS\\DATASETS\\archive\ABLBL_minute.csv,772538.8261862652
D:\\FINANCE PROJECTS\\DATASETS\\archive\ABREL_minute.csv,1602010.8801303636
D:\\FINANCE PROJECTS\\DATASETS\\archive\ABSLAMC_minute.csv,463249.63502016023
D:\\FINANCE PROJECTS\\DATASETS\\archive\ACC_minute.csv,2746392.0211947346
D:\\FINANCE PROJECTS\\DATASETS\\archive\ACE_minute.csv,436218.0193024086
D:\\FINANCE PROJECTS\\DATASETS\\archive\ACMESOLAR_minute.csv,1016906.3005631226
D:\\FINANCE PROJECTS\\DATASETS\\archive\ADANIENSOL_minute.csv,2632159.0330589325
D:\\FINANCE PROJECTS\\DATASETS\\archive\ADANIENT_minute.csv,10144290.694549808
D:\\FINANCE PROJECTS\\DATASETS\\archive\ADANIGREEN_minute.csv,5536189.792028542
D:\\FINANCE PROJECTS\\DATASETS\\archive\ADANIPORTS_minute.csv,9120017.267273664
D:\\FINANCE PROJECTS\\DATASETS\\archive\ADANIPOWER_minute.csv,4865518.108326504
D:\\FINANCE PROJECTS\\DATASETS\\archive\AEGISLOG_minute.csv,718894.7784774131
D:\\FINANCE PROJECTS\\DATASETS\\archive\AEGISVOPAK_minute.csv,769752.9204623877
D:\\FINANCE PROJECTS\\DATASETS\\archive\AFCONS_minute.csv,1999322.247856992
D:\\FINANCE PROJECTS\\DATASETS\\archive\AFFLE_minute.csv,1003275.9178666807
D:\\FINANCE PROJECTS\\DATASETS\\archive\AGARWALEYE_minute.csv,578924.0411277162
D:\\FINANCE PROJECTS\\DATASETS\\archive\AIAENG_minute.csv,369255.5067744036
D:\\FINANCE PROJECTS\\DATASETS\\archive\AIIL_minute.csv,836708.0219622339
D:\\FINANCE PROJECTS\\DATASETS\\archive\AJANTPHARM_minute.csv,749931.1529210539
D:\\FINANCE PROJECTS\\DATASETS\\archive\AKUMS_minute.csv,634295.3678427589
D:\\FINANCE PROJECTS\\DATASETS\\archive\AKZOINDIA_minute.csv,176983.41643094737
D:\\FINANCE PROJECTS\\DATASETS\\archive\ALKEM_minute.csv,1263504.9209722828
D:\\FINANCE PROJECTS\\DATASETS\\archive\ALKYLAMINE_minute.csv,308378.84501759126
D:\\FINANCE PROJECTS\\DATASETS\\archive\ALOKINDS_minute.csv,837837.6363585865
D:\\FINANCE PROJECTS\\DATASETS\\archive\AMBER_minute.csv,2308049.027558647
D:\\FINANCE PROJECTS\\DATASETS\\archive\AMBUJACEM_minute.csv,3882737.2709366833
D:\\FINANCE PROJECTS\\DATASETS\\archive\ANANDRATHI_minute.csv,768190.0217370567
D:\\FINANCE PROJECTS\\DATASETS\\archive\ANANTRAJ_minute.csv,911990.0855781873
D:\\FINANCE PROJECTS\\DATASETS\\archive\ANGELONE_minute.csv,4647912.564578188
D:\\FINANCE PROJECTS\\DATASETS\\archive\APARINDS_minute.csv,771629.2379770249
D:\\FINANCE PROJECTS\\DATASETS\\archive\APLAPOLLO_minute.csv,1094259.3385562126
D:\\FINANCE PROJECTS\\DATASETS\\archive\APLLTD_minute.csv,447993.3838806751
D:\\FINANCE PROJECTS\\DATASETS\\archive\APOLLOHOSP_minute.csv,4705493.246330997
D:\\FINANCE PROJECTS\\DATASETS\\archive\APOLLOTYRE_minute.csv,2232472.524527329
D:\\FINANCE PROJECTS\\DATASETS\\archive\APTUS_minute.csv,801489.4712083585
D:\\FINANCE PROJECTS\\DATASETS\\archive\AREM_minute.csv,1600504.787032924
D:\\FINANCE PROJECTS\\DATASETS\\archive\ASAHIINDIA_minute.csv,220733.60174338814
D:\\FINANCE PROJECTS\\DATASETS\\archive\ASHOKLEY_minute.csv,5062696.9615753535
D:\\FINANCE PROJECTS\\DATASETS\\archive\ASIANPAINT_minute.csv,7037684.531517848
D:\\FINANCE PROJECTS\\DATASETS\\archive\ASTERDM_minute.csv,697480.9963367096
D:\\FINANCE PROJECTS\\DATASETS\\archive\ASTRAL_minute.csv,1307626.5236048265
D:\\FINANCE PROJECTS\\DATASETS\\archive\ASTRAZEN_minute.csv,348671.6540438664
D:\\FINANCE PROJECTS\\DATASETS\\archive\ATGL_minute.csv,2904293.857895604
D:\\FINANCE PROJECTS\\DATASETS\\archive\ATHERENERG_minute.csv,4194225.561728068
D:\\FINANCE PROJECTS\\DATASETS\\archive\ATUL_minute.csv,546794.3715072967
D:\\FINANCE PROJECTS\\DATASETS\\archive\AUBANK_minute.csv,3204479.123664039
D:\\FINANCE PROJECTS\\DATASETS\\archive\AUROPHARMA_minute.csv,4960827.344564478
D:\\FINANCE PROJECTS\\DATASETS\\archive\AWL_minute.csv,4290209.1726767775
D:\\FINANCE PROJECTS\\DATASETS\\archive\AXISBANK_minute.csv,20295285.98980562
D:\\FINANCE PROJECTS\\DATASETS\\archive\BAJAJ-AUTO_minute.csv,5120885.788829262
D:\\FINANCE PROJECTS\\DATASETS\\archive\BAJAJFINSV_minute.csv,6747804.034194566
D:\\FINANCE PROJECTS\\DATASETS\\archive\BAJAJHFL_minute.csv,5497918.45030608
D:\\FINANCE PROJECTS\\DATASETS\\archive\BAJAJHLDNG_minute.csv,768631.5128470211
D:\\FINANCE PROJECTS\\DATASETS\\archive\BAJFINANCE_minute.csv,18637459.45327563
D:\\FINANCE PROJECTS\\DATASETS\\archive\BALKRISIND_minute.csv,1658920.4421408041
D:\\FINANCE PROJECTS\\DATASETS\\archive\BALRAMCHIN_minute.csv,1350683.6012557372
D:\\FINANCE PROJECTS\\DATASETS\\archive\BANDHANBNK_minute.csv,5786073.428610208
D:\\FINANCE PROJECTS\\DATASETS\\archive\BANKBARODA_minute.csv,6670658.042984519
D:\\FINANCE PROJECTS\\DATASETS\\archive\BANKINDIA_minute.csv,2126595.6316369004
D:\\FINANCE PROJECTS\\DATASETS\\archive\BASF_minute.csv,269689.0666461365
D:\\FINANCE PROJECTS\\DATASETS\\archive\BATAINDIA_minute.csv,1711044.9085761465
D:\\FINANCE PROJECTS\\DATASETS\\archive\BAYERCROP_minute.csv,282231.32281122735
D:\\FINANCE PROJECTS\\DATASETS\\archive\BBTC_minute.csv,528739.3492172912
D:\\FINANCE PROJECTS\\DATASETS\\archive\BDL_minute.csv,2889840.975937007
D:\\FINANCE PROJECTS\\DATASETS\\archive\BEL_minute.csv,6324617.176866268
D:\\FINANCE PROJECTS\\DATASETS\\archive\BEML_minute.csv,2519655.35170373
D:\\FINANCE PROJECTS\\DATASETS\\archive\BERGEPAINT_minute.csv,1196848.224073888
D:\\FINANCE PROJECTS\\DATASETS\\archive\BHARATFORG_minute.csv,3051790.6153312563
D:\\FINANCE PROJECTS\\DATASETS\\archive\BHARTIARTL_minute.csv,15366165.281774936
D:\\FINANCE PROJECTS\\DATASETS\\archive\BHARTIHEXA_minute.csv,2221566.3340852256
D:\\FINANCE PROJECTS\\DATASETS\\archive\BHEL_minute.csv,5718785.994895471
D:\\FINANCE PROJECTS\\DATASETS\\archive\BIKAJI_minute.csv,772096.0373031222
D:\\FINANCE PROJECTS\\DATASETS\\archive\BIOCON_minute.csv,2737699.5742671797
D:\\FINANCE PROJECTS\\DATASETS\\archive\BLS_minute.csv,1248388.0966896946
D:\\FINANCE PROJECTS\\DATASETS\\archive\BLUEDART_minute.csv,358454.1249394473
D:\\FINANCE PROJECTS\\DATASETS\\archive\BLUEJET_minute.csv,715566.6175409153
D:\\FINANCE PROJECTS\\DATASETS\\archive\BLUESTARCO_minute.csv,656381.7331233424
D:\\FINANCE PROJECTS\\DATASETS\\archive\BOSCHLTD_minute.csv,1716709.3811352581
D:\\FINANCE PROJECTS\\DATASETS\\archive\BPCL_minute.csv,6086175.339209566
D:\\FINANCE PROJECTS\\DATASETS\\archive\BRIGADE_minute.csv,1687466277115595.5
D:\\FINANCE PROJECTS\\DATASETS\\archive\BRITANNIA_minute.csv,3338929.6462121177
D:\\FINANCE PROJECTS\\DATASETS\\archive\BSE_minute.csv,8303938.636125798
D:\\FINANCE PROJECTS\\DATASETS\\archive\BSOFT_minute.csv,1712359.258425878
D:\\FINANCE PROJECTS\\DATASETS\\archive\CAMPUS_minute.csv,988500.2682758209
D:\\FINANCE PROJECTS\\DATASETS\\archive\CAMS_minute.csv,2460607.744158039
D:\\FINANCE PROJECTS\\DATASETS\\archive\CANBK_minute.csv,5211984.235891039
D:\\FINANCE PROJECTS\\DATASETS\\archive\CANFINHOME_minute.csv,992644.1358860664
D:\\FINANCE PROJECTS\\DATASETS\\archive\CAPLIPOINT_minute.csv,354668.260423044
D:\\FINANCE PROJECTS\\DATASETS\\archive\CARBORUNIV_minute.csv,312737.2629396113
D:\\FINANCE PROJECTS\\DATASETS\\archive\CASTROLIND_minute.csv,1072123.3069962475
D:\\FINANCE PROJECTS\\DATASETS\\archive\CCL_minute.csv,342575.0193634403
D:\\FINANCE PROJECTS\\DATASETS\\archive\CDSL_minute.csv,4454807.0581146255
D:\\FINANCE PROJECTS\\DATASETS\\archive\CEATLTD_minute.csv,1601412.0650851764
D:\\FINANCE PROJECTS\\DATASETS\\archive\CENTRALBK_minute.csv,770184.7500706897
D:\\FINANCE PROJECTS\\DATASETS\\archive\CENTURYPLY_minute.csv,268004.3627109092
D:\\FINANCE PROJECTS\\DATASETS\\archive\CERA_minute.csv,222416.36445724216
D:\\FINANCE PROJECTS\\DATASETS\\archive\CESC_minute.csv,1160326.8749015587
D:\\FINANCE PROJECTS\\DATASETS\\archive\CGCL_minute.csv,369609.27422758116
D:\\FINANCE PROJECTS\\DATASETS\\archive\CGPOWER_minute.csv,1874751.4829552341
D:\\FINANCE PROJECTS\\DATASETS\\archive\CHALET_minute.csv,394109.37935580284
D:\\FINANCE PROJECTS\\DATASETS\\archive\CHAMBLFERT_minute.csv,1202991.6861767718
D:\\FINANCE PROJECTS\\DATASETS\\archive\CHENNPETRO_minute.csv,1392407.590532221
D:\\FINANCE PROJECTS\\DATASETS\\archive\CHOICEIN_minute.csv,611968.8593240593
D:\\FINANCE PROJECTS\\DATASETS\\archive\CHOLAFIN_minute.csv,3064575.3342873035
D:\\FINANCE PROJECTS\\DATASETS\\archive\CHOLAHLDNG_minute.csv,451225.62502615375
D:\\FINANCE PROJECTS\\DATASETS\\archive\CIPLA_minute.csv,5586182.292061341
D:\\FINANCE PROJECTS\\DATASETS\\archive\CLEAN_minute.csv,987340.3617950972
D:\\FINANCE PROJECTS\\DATASETS\\archive\COALINDIA_minute.csv,5475594.354646228
D:\\FINANCE PROJECTS\\DATASETS\\archive\COCHINSHIP_minute.csv,3996254.04660455
D:\\FINANCE PROJECTS\\DATASETS\\archive\COFORGE_minute.csv,4192516.5426056087
D:\\FINANCE PROJECTS\\DATASETS\\archive\COHANCE_minute.csv,690075.0932927952
D:\\FINANCE PROJECTS\\DATASETS\\archive\COLPAL_minute.csv,1960745.7921460844
D:\\FINANCE PROJECTS\\DATASETS\\archive\CONCORDBIO_minute.csv,862101.6789293805
D:\\FINANCE PROJECTS\\DATASETS\\archive\CONCOR_minute.csv,2275951.855589552
D:\\FINANCE PROJECTS\\DATASETS\\archive\COROMANDEL_minute.csv,5072451120468668.0
D:\\FINANCE PROJECTS\\DATASETS\\archive\CRAFTSMAN_minute.csv,615508.5359497798
D:\\FINANCE PROJECTS\\DATASETS\\archive\CREDITACC_minute.csv,987936.4302453406
D:\\FINANCE PROJECTS\\DATASETS\\archive\CRISIL_minute.csv,340942.00974083826
D:\\FINANCE PROJECTS\\DATASETS\\archive\CROMPTON_minute.csv,1469396.4287459685
D:\\FINANCE PROJECTS\\DATASETS\\archive\CUB_minute.csv,858286.8464231616
D:\\FINANCE PROJECTS\\DATASETS\\archive\CUMMINSIND_minute.csv,2348176.1337039135
D:\\FINANCE PROJECTS\\DATASETS\\archive\CYIENT_minute.csv,911186.5463441557
D:\\FINANCE PROJECTS\\DATASETS\\archive\DABUR_minute.csv,2692128.2789318636
D:\\FINANCE PROJECTS\\DATASETS\\archive\DALBHARAT_minute.csv,1301795.8853307527
D:\\FINANCE PROJECTS\\DATASETS\\archive\DATAPATTNS_minute.csv,2545758.192869874
D:\\FINANCE PROJECTS\\DATASETS\\archive\DBREALTY_minute.csv,446713.37382813595
D:\\FINANCE PROJECTS\\DATASETS\\archive\DCMSHRIRAM_minute.csv,281609.0222294162
D:\\FINANCE PROJECTS\\DATASETS\\archive\DEEPAKFERT_minute.csv,792050.3162291009
D:\\FINANCE PROJECTS\\DATASETS\\archive\DEEPAKNTR_minute.csv,1731797.0251345707
D:\\FINANCE PROJECTS\\DATASETS\\archive\DELHIVERY_minute.csv,2280090.06411816
D:\\FINANCE PROJECTS\\DATASETS\\archive\DEVYANI_minute.csv,1462751.2929784355
D:\\FINANCE PROJECTS\\DATASETS\\archive\DIVISLAB_minute.csv,4769447.73393136
D:\\FINANCE PROJECTS\\DATASETS\\archive\DIXON_minute.csv,5868685.482357488
D:\\FINANCE PROJECTS\\DATASETS\\archive\DLF_minute.csv,5703731.661288071
D:\\FINANCE PROJECTS\\DATASETS\\archive\DMART_minute.csv,4314597.207001266
D:\\FINANCE PROJECTS\\DATASETS\\archive\DOMS_minute.csv,1062100.9428155916
D:\\FINANCE PROJECTS\\DATASETS\\archive\DRREDDY_minute.csv,6709156.221543821
D:\\FINANCE PROJECTS\\DATASETS\\archive\ECLERX_minute.csv,364171.47632663295
D:\\FINANCE PROJECTS\\DATASETS\\archive\EICHERMOT_minute.csv,3802253.085865071
D:\\FINANCE PROJECTS\\DATASETS\\archive\EIDPARRY_minute.csv,448287.9268463934
D:\\FINANCE PROJECTS\\DATASETS\\archive\EIHOTEL_minute.csv,297281.6678780859
D:\\FINANCE PROJECTS\\DATASETS\\archive\ELECON_minute.csv,420116.07817773276
D:\\FINANCE PROJECTS\\DATASETS\\archive\ELGIEQUIP_minute.csv,344023.8262706836
D:\\FINANCE PROJECTS\\DATASETS\\archive\EMAMILTD_minute.csv,697159.1549208487
D:\\FINANCE PROJECTS\\DATASETS\\archive\EMCURE_minute.csv,783860.6219796186
D:\\FINANCE PROJECTS\\DATASETS\\archive\ENDURANCE_minute.csv,502134.3095169046
D:\\FINANCE PROJECTS\\DATASETS\\archive\ENGINERSIN_minute.csv,1298921.5805634712
D:\\FINANCE PROJECTS\\DATASETS\\archive\ENRIN_minute.csv,6883680.972258261
D:\\FINANCE PROJECTS\\DATASETS\\archive\ERIS_minute.csv,333942.81926709926
D:\\FINANCE PROJECTS\\DATASETS\\archive\ESCORTS_minute.csv,3027408.832297755
D:\\FINANCE PROJECTS\\DATASETS\\archive\ETERNAL_minute.csv,23173685.482482657
D:\\FINANCE PROJECTS\\DATASETS\\archive\EXIDEIND_minute.csv,1905658.89036458
D:\\FINANCE PROJECTS\\DATASETS\\archive\FACT_minute.csv,696718.0061001761
D:\\FINANCE PROJECTS\\DATASETS\\archive\FEDERALBNK_minute.csv,3747838.5096577485
D:\\FINANCE PROJECTS\\DATASETS\\archive\FINCABLES_minute.csv,463974.3447628061
D:\\FINANCE PROJECTS\\DATASETS\\archive\FINPIPE_minute.csv,303133.66228256904
D:\\FINANCE PROJECTS\\DATASETS\\archive\FIRSTCRY_minute.csv,2144967.5350782056
D:\\FINANCE PROJECTS\\DATASETS\\archive\FIVESTAR_minute.csv,1537981.1730066368
D:\\FINANCE PROJECTS\\DATASETS\\archive\FLUOROCHEM_minute.csv,959412.1032655699
D:\\FINANCE PROJECTS\\DATASETS\\archive\FORCEMOT_minute.csv,1086335.863376722
D:\\FINANCE PROJECTS\\DATASETS\\archive\FORTIS_minute.csv,1798728.5191704098
D:\\FINANCE PROJECTS\\DATASETS\\archive\FSL_minute.csv,1165941.9485749367
D:\\FINANCE PROJECTS\\DATASETS\\archive\GAIL_minute.csv,3839064.4401374436
D:\\FINANCE PROJECTS\\DATASETS\\archive\GESHIP_minute.csv,586959.9220306898
D:\\FINANCE PROJECTS\\DATASETS\\archive\GICRE_minute.csv,794849.693518186
D:\\FINANCE PROJECTS\\DATASETS\\archive\GILLETTE_minute.csv,286122.1993914191
D:\\FINANCE PROJECTS\\DATASETS\\archive\GLAND_minute.csv,2080449.9704719135
D:\\FINANCE PROJECTS\\DATASETS\\archive\GLAXO_minute.csv,367915.33084877307
D:\\FINANCE PROJECTS\\DATASETS\\archive\GLENMARK_minute.csv,2577991.2431747005
D:\\FINANCE PROJECTS\\DATASETS\\archive\GMDCLTD_minute.csv,1345731.1794719594
D:\\FINANCE PROJECTS\\DATASETS\\archive\GMRAIRPORT_minute.csv,2138266.354160156
D:\\FINANCE PROJECTS\\DATASETS\\archive\GODFRYPHLP_minute.csv,1104194.7570968042
D:\\FINANCE PROJECTS\\DATASETS\\archive\GODIGIT_minute.csv,1204273.809689905
D:\\FINANCE PROJECTS\\DATASETS\\archive\GODREJAGRO_minute.csv,364320.8183461422
D:\\FINANCE PROJECTS\\DATASETS\\archive\GODREJCP_minute.csv,2541587.074508557
D:\\FINANCE PROJECTS\\DATASETS\\archive\GODREJIND_minute.csv,547854.3615194851
D:\\FINANCE PROJECTS\\DATASETS\\archive\GODREJPROP_minute.csv,2457239.081373366
D:\\FINANCE PROJECTS\\DATASETS\\archive\GPIL_minute.csv,460313.5397828935
D:\\FINANCE PROJECTS\\DATASETS\\archive\GRANULES_minute.csv,1408503.283434108
D:\\FINANCE PROJECTS\\DATASETS\\archive\GRAPHITE_minute.csv,1511276.2184202902
D:\\FINANCE PROJECTS\\DATASETS\\archive\GRASIM_minute.csv,3619554.152287965
D:\\FINANCE PROJECTS\\DATASETS\\archive\GRAVITA_minute.csv,452519.9303479754
D:\\FINANCE PROJECTS\\DATASETS\\archive\GRSE_minute.csv,3579440.2509502843
D:\\FINANCE PROJECTS\\DATASETS\\archive\GSPL_minute.csv,672756.4848665581
D:\\FINANCE PROJECTS\\DATASETS\\archive\GUJGASLTD_minute.csv,1040171.8130899783
D:\\FINANCE PROJECTS\\DATASETS\\archive\GVTD_minute.csv,553453.290385155
D:\\FINANCE PROJECTS\\DATASETS\\archive\HAL_minute.csv,8563298.396176798
D:\\FINANCE PROJECTS\\DATASETS\\archive\HAPPSTMNDS_minute.csv,1900494.8881189418
D:\\FINANCE PROJECTS\\DATASETS\\archive\HAVELLS_minute.csv,3025421.3417960443
D:\\FINANCE PROJECTS\\DATASETS\\archive\HBLENGINE_minute.csv,1106497.325175102
D:\\FINANCE PROJECTS\\DATASETS\\archive\HCLTECH_minute.csv,7596801.76411548
D:\\FINANCE PROJECTS\\DATASETS\\archive\HDFCAMC_minute.csv,3653647.823324778
D:\\FINANCE PROJECTS\\DATASETS\\archive\HDFCBANK_minute.csv,30850661.948874954
D:\\FINANCE PROJECTS\\DATASETS\\archive\HDFCLIFE_minute.csv,5517911.578781708
D:\\FINANCE PROJECTS\\DATASETS\\archive\HEG_minute.csv,1587331.7921479465
D:\\FINANCE PROJECTS\\DATASETS\\archive\HEROMOTOCO_minute.csv,5711571.7896437505
D:\\FINANCE PROJECTS\\DATASETS\\archive\HEXT_minute.csv,2019392.4692413097
D:\\FINANCE PROJECTS\\DATASETS\\archive\HFCL_minute.csv,1978698.964109608
D:\\FINANCE PROJECTS\\DATASETS\\archive\HINDALCO_minute.csv,7935249.681231377
D:\\FINANCE PROJECTS\\DATASETS\\archive\HINDCOPPER_minute.csv,2620166.6703028786
D:\\FINANCE PROJECTS\\DATASETS\\archive\HINDPETRO_minute.csv,4124385.4284901377
D:\\FINANCE PROJECTS\\DATASETS\\archive\HINDUNILVR_minute.csv,9120313.304645725
D:\\FINANCE PROJECTS\\DATASETS\\archive\HINDZINC_minute.csv,1856305.7146410996
D:\\FINANCE PROJECTS\\DATASETS\\archive\HOMEFIRST_minute.csv,689282.3117754065
D:\\FINANCE PROJECTS\\DATASETS\\archive\HONASA_minute.csv,1365391.7043764885
D:\\FINANCE PROJECTS\\DATASETS\\archive\HONAUT_minute.csv,377321.0871667468
D:\\FINANCE PROJECTS\\DATASETS\\archive\HSCL_minute.csv,880790.7199449333
D:\\FINANCE PROJECTS\\DATASETS\\archive\HUDCO_minute.csv,2400206.965279689
D:\\FINANCE PROJECTS\\DATASETS\\archive\HYUNDAI_minute.csv,5893075.325257631
D:\\FINANCE PROJECTS\\DATASETS\\archive\ICICIBANK_minute.csv,26949527.49493617
D:\\FINANCE PROJECTS\\DATASETS\\archive\ICICIGI_minute.csv,2500966.4309113347
D:\\FINANCE PROJECTS\\DATASETS\\archive\ICICIPRULI_minute.csv,2381902.0225331257
D:\\FINANCE PROJECTS\\DATASETS\\archive\IDBI_minute.csv,1694648.256615381
D:\\FINANCE PROJECTS\\DATASETS\\archive\IDEA_minute.csv,7649820.9603662
D:\\FINANCE PROJECTS\\DATASETS\\archive\IDFCFIRSTB_minute.csv,3825149.874664334
D:\\FINANCE PROJECTS\\DATASETS\\archive\IEX_minute.csv,3458355.0217114408
D:\\FINANCE PROJECTS\\DATASETS\\archive\IFCI_minute.csv,1022628.2840019219
D:\\FINANCE PROJECTS\\DATASETS\\archive\IGIL_minute.csv,2125904.925266316
D:\\FINANCE PROJECTS\\DATASETS\\archive\IGL_minute.csv,2424906.3934164797
D:\\FINANCE PROJECTS\\DATASETS\\archive\IIFL_minute.csv,864050.8627136492
D:\\FINANCE PROJECTS\\DATASETS\\archive\IKS_minute.csv,1744470.6980830517
D:\\FINANCE PROJECTS\\DATASETS\\archive\INDGN_minute.csv,1277817.7310315114
D:\\FINANCE PROJECTS\\DATASETS\\archive\INDHOTEL_minute.csv,2444309.21677762
D:\\FINANCE PROJECTS\\DATASETS\\archive\INDIACEM_minute.csv,1743670.9812033165
D:\\FINANCE PROJECTS\\DATASETS\\archive\INDIAMART_minute.csv,1579963.0113044751
D:\\FINANCE PROJECTS\\DATASETS\\archive\INDIANB_minute.csv,1404703.2009401708
D:\\FINANCE PROJECTS\\DATASETS\\archive\INDIGO_minute.csv,6916527.664384771
D:\\FINANCE PROJECTS\\DATASETS\\archive\INDUSINDBK_minute.csv,12416318.632964917
D:\\FINANCE PROJECTS\\DATASETS\\archive\INDUSTOWER_minute.csv,5022904.8543615565
D:\\FINANCE PROJECTS\\DATASETS\\archive\INFY_minute.csv,21211336.887177773
D:\\FINANCE PROJECTS\\DATASETS\\archive\INOXINDIA_minute.csv,1034670.4066073734
D:\\FINANCE PROJECTS\\DATASETS\\archive\INOXWIND_minute.csv,1034978.738500385
D:\\FINANCE PROJECTS\\DATASETS\\archive\INTELLECT_minute.csv,796378.387952261
D:\\FINANCE PROJECTS\\DATASETS\\archive\IOB_minute.csv,947220.9794536801
D:\\FINANCE PROJECTS\\DATASETS\\archive\IOC_minute.csv,4039968.4842669666
D:\\FINANCE PROJECTS\\DATASETS\\archive\IPCALAB_minute.csv,1019113.116546292
D:\\FINANCE PROJECTS\\DATASETS\\archive\IRB_minute.csv,1752497.661570132
D:\\FINANCE PROJECTS\\DATASETS\\archive\IRCON_minute.csv,2708721.8676215056
D:\\FINANCE PROJECTS\\DATASETS\\archive\IRCTC_minute.csv,6147476.774783591
D:\\FINANCE PROJECTS\\DATASETS\\archive\IREDA_minute.csv,11147293.20136402
D:\\FINANCE PROJECTS\\DATASETS\\archive\IRFC_minute.csv,8995622.559922265
D:\\FINANCE PROJECTS\\DATASETS\\archive\ITCHOTELS_minute.csv,3083228.395352225
D:\\FINANCE PROJECTS\\DATASETS\\archive\ITC_minute.csv,12124329.411374906
D:\\FINANCE PROJECTS\\DATASETS\\archive\ITI_minute.csv,1157223.5621993334
D:\\FINANCE PROJECTS\\DATASETS\\archive\JBCHEPHARM_minute.csv,435941.24327901035
D:\\FINANCE PROJECTS\\DATASETS\\archive\JBMA_minute.csv,572334.0572331247
D:\\FINANCE PROJECTS\\DATASETS\\archive\JINDALSAW_minute.csv,653698.4334670773
D:\\FINANCE PROJECTS\\DATASETS\\archive\JINDALSTEL_minute.csv,5426725.738444743
D:\\FINANCE PROJECTS\\DATASETS\\archive\JIOFIN_minute.csv,17091164.300107587
D:\\FINANCE PROJECTS\\DATASETS\\archive\JKBANK_minute.csv,533940.3562733401
D:\\FINANCE PROJECTS\\DATASETS\\archive\JKCEMENT_minute.csv,666939.6070015122
D:\\FINANCE PROJECTS\\DATASETS\\archive\JKTYRE_minute.csv,735460.0620997464
D:\\FINANCE PROJECTS\\DATASETS\\archive\JMFINANCIL_minute.csv,820095.1580885571
D:\\FINANCE PROJECTS\\DATASETS\\archive\JPPOWER_minute.csv,1058496.7063401474
D:\\FINANCE PROJECTS\\DATASETS\\archive\JSL_minute.csv,734023.5582534791
D:\\FINANCE PROJECTS\\DATASETS\\archive\JSWCEMENT_minute.csv,1859728.3931487228
D:\\FINANCE PROJECTS\\DATASETS\\archive\JSWENERGY_minute.csv,1884289.5177723456
D:\\FINANCE PROJECTS\\DATASETS\\archive\JSWINFRA_minute.csv,2407377.8698239797
D:\\FINANCE PROJECTS\\DATASETS\\archive\JSWSTEEL_minute.csv,5454482.671018238
D:\\FINANCE PROJECTS\\DATASETS\\archive\JUBLFOOD_minute.csv,4145000.1401991067
D:\\FINANCE PROJECTS\\DATASETS\\archive\JUBLINGREA_minute.csv,1126857.5506250802
D:\\FINANCE PROJECTS\\DATASETS\\archive\JUBLPHARMA_minute.csv,790371.023905894
D:\\FINANCE PROJECTS\\DATASETS\\archive\JWL_minute.csv,858539.3385108373
D:\\FINANCE PROJECTS\\DATASETS\\archive\JYOTHYLAB_minute.csv,374431.6622041226
D:\\FINANCE PROJECTS\\DATASETS\\archive\JYOTICNC_minute.csv,1505144.378361801
D:\\FINANCE PROJECTS\\DATASETS\\archive\KAJARIACER_minute.csv,642271.0209208145
D:\\FINANCE PROJECTS\\DATASETS\\archive\KALYANKJIL_minute.csv,4515881.376152287
D:\\FINANCE PROJECTS\\DATASETS\\archive\KARURVYSYA_minute.csv,632416.1361038008
D:\\FINANCE PROJECTS\\DATASETS\\archive\KAYNES_minute.csv,6372971.253527111
D:\\FINANCE PROJECTS\\DATASETS\\archive\KEC_minute.csv,844185.3729954095
D:\\FINANCE PROJECTS\\DATASETS\\archive\KEI_minute.csv,1103764.669904334
D:\\FINANCE PROJECTS\\DATASETS\\archive\KFINTECH_minute.csv,2483045.6865621298
D:\\FINANCE PROJECTS\\DATASETS\\archive\KIMS_minute.csv,694785.4139290926
D:\\FINANCE PROJECTS\\DATASETS\\archive\KIRLOSBROS_minute.csv,244047.69296353837
D:\\FINANCE PROJECTS\\DATASETS\\archive\KIRLOSENG_minute.csv,340612.391895005
D:\\FINANCE PROJECTS\\DATASETS\\archive\KOTAKBANK_minute.csv,13850558.374445237
D:\\FINANCE PROJECTS\\DATASETS\\archive\KPIL_minute.csv,395854.30899629416
D:\\FINANCE PROJECTS\\DATASETS\\archive\KPITTECH_minute.csv,2611563.5270426665
D:\\FINANCE PROJECTS\\DATASETS\\archive\KPRMILL_minute.csv,414454.11306676955
D:\\FINANCE PROJECTS\\DATASETS\\archive\KSB_minute.csv,170430.0043695289
D:\\FINANCE PROJECTS\\DATASETS\\archive\LALPATHLAB_minute.csv,1154914.603580841
D:\\FINANCE PROJECTS\\DATASETS\\archive\LATENTVIEW_minute.csv,957952.9341777646
D:\\FINANCE PROJECTS\\DATASETS\\archive\LAURUSLABS_minute.csv,2284250.0642052335
D:\\FINANCE PROJECTS\\DATASETS\\archive\LEMONTREE_minute.csv,883004.3568189858
D:\\FINANCE PROJECTS\\DATASETS\\archive\LICHSGFIN_minute.csv,3291868.6068845163
D:\\FINANCE PROJECTS\\DATASETS\\archive\LICI_minute.csv,4809609.583261844
D:\\FINANCE PROJECTS\\DATASETS\\archive\LINDEINDIA_minute.csv,572378.9695578867
D:\\FINANCE PROJECTS\\DATASETS\\archive\LLOYDSME_minute.csv,1237516.500069572
D:\\FINANCE PROJECTS\\DATASETS\\archive\LODHA_minute.csv,2991495.803587002
D:\\FINANCE PROJECTS\\DATASETS\\archive\LTFOODS_minute.csv,415661.0416378944
D:\\FINANCE PROJECTS\\DATASETS\\archive\LTF_minute.csv,2505929.440334602
D:\\FINANCE PROJECTS\\DATASETS\\archive\LTIM_minute.csv,3377024.4815302454
D:\\FINANCE PROJECTS\\DATASETS\\archive\LTTS_minute.csv,1657672.9251747532
D:\\FINANCE PROJECTS\\DATASETS\\archive\LT_minute.csv,12109701.712416116
D:\\FINANCE PROJECTS\\DATASETS\\archive\LUPIN_minute.csv,5126502.101519526
D:\\FINANCE PROJECTS\\DATASETS\\archive\MAHABANK_minute.csv,1067498.6936950537
D:\\FINANCE PROJECTS\\DATASETS\\archive\MAHSCOOTER_minute.csv,114456.41217028744
D:\\FINANCE PROJECTS\\DATASETS\\archive\MAHSEAMLES_minute.csv,262019.12932299543
D:\\FINANCE PROJECTS\\DATASETS\\archive\MANAPPURAM_minute.csv,2438008.12378621
D:\\FINANCE PROJECTS\\DATASETS\\archive\MANKIND_minute.csv,3593206.18636923
D:\\FINANCE PROJECTS\\DATASETS\\archive\MANYAVAR_minute.csv,642323.8303887668
D:\\FINANCE PROJECTS\\DATASETS\\archive\MAPMYINDIA_minute.csv,920023.457966314
D:\\FINANCE PROJECTS\\DATASETS\\archive\MARICO_minute.csv,2186046.758757004
D:\\FINANCE PROJECTS\\DATASETS\\archive\MARUTI_minute.csv,13943928.775881417
D:\\FINANCE PROJECTS\\DATASETS\\archive\MAXHEALTH_minute.csv,3942650.071640985
D:\\FINANCE PROJECTS\\DATASETS\\archive\MAZDOCK_minute.csv,11468586.423311777
D:\\FINANCE PROJECTS\\DATASETS\\archive\MCX_minute.csv,3147542.3538564276
D:\\FINANCE PROJECTS\\DATASETS\\archive\MEDANTA_minute.csv,1147438.5870123506
D:\\FINANCE PROJECTS\\DATASETS\\archive\METROPOLIS_minute.csv,1035465.3390850094
D:\\FINANCE PROJECTS\\DATASETS\\archive\MFSL_minute.csv,1830828.4655408987
D:\\FINANCE PROJECTS\\DATASETS\\archive\MGL_minute.csv,1595094.6481946064
D:\\FINANCE PROJECTS\\DATASETS\\archive\MINDACORP_minute.csv,382626.0558856603
D:\\FINANCE PROJECTS\\DATASETS\\archive\MMFIN_minute.csv,2388382.1615476683
D:\\FINANCE PROJECTS\\DATASETS\\archive\MMTC_minute.csv,566040.6527564627
D:\\FINANCE PROJECTS\\DATASETS\\archive\MM_minute.csv,9585895.31271826
D:\\FINANCE PROJECTS\\DATASETS\\archive\MOTHERSON_minute.csv,4192249.51916211
D:\\FINANCE PROJECTS\\DATASETS\\archive\MOTILALOFS_minute.csv,970501.4324459226
D:\\FINANCE PROJECTS\\DATASETS\\archive\MPHASIS_minute.csv,2213432.5779361324
D:\\FINANCE PROJECTS\\DATASETS\\archive\MRF_minute.csv,2322198.917551086
D:\\FINANCE PROJECTS\\DATASETS\\archive\MRPL_minute.csv,1008293.5197169041
D:\\FINANCE PROJECTS\\DATASETS\\archive\MSUMI_minute.csv,1077959.932133093
D:\\FINANCE PROJECTS\\DATASETS\\archive\MUTHOOTFIN_minute.csv,2618913.661808933
D:\\FINANCE PROJECTS\\DATASETS\\archive\NAM-INDIA_minute.csv,1060164.638415147
D:\\FINANCE PROJECTS\\DATASETS\\archive\NATCOPHARM_minute.csv,1094351.9906918965
D:\\FINANCE PROJECTS\\DATASETS\\archive\NATIONALUM_minute.csv,3505789.100817182
D:\\FINANCE PROJECTS\\DATASETS\\archive\NAUKRI_minute.csv,3110695.4336713688
D:\\FINANCE PROJECTS\\DATASETS\\archive\NAVA_minute.csv,376274.9505171556
D:\\FINANCE PROJECTS\\DATASETS\\archive\NAVINFLUOR_minute.csv,1150811.1035605487
D:\\FINANCE PROJECTS\\DATASETS\\archive\NBCC_minute.csv,2269406.0790530597
D:\\FINANCE PROJECTS\\DATASETS\\archive\NCC_minute.csv,1926839.1824537327
D:\\FINANCE PROJECTS\\DATASETS\\archive\NESTLEIND_minute.csv,3204533.9342615297
D:\\FINANCE PROJECTS\\DATASETS\\archive\NETWEB_minute.csv,4862592.634262287
D:\\FINANCE PROJECTS\\DATASETS\\archive\NEULANDLAB_minute.csv,507416.1885283615
D:\\FINANCE PROJECTS\\DATASETS\\archive\NEWGEN_minute.csv,653250.9224681675
D:\\FINANCE PROJECTS\\DATASETS\\archive\NHPC_minute.csv,2581931.141103802
D:\\FINANCE PROJECTS\\DATASETS\\archive\NH_minute.csv,691800.1264638492
D:\\FINANCE PROJECTS\\DATASETS\\archive\NIACL_minute.csv,577356.3110426227
D:\\FINANCE PROJECTS\\DATASETS\\archive\NIVABUPA_minute.csv,909185.491242723
D:\\FINANCE PROJECTS\\DATASETS\\archive\NLCINDIA_minute.csv,784317.065197496
D:\\FINANCE PROJECTS\\DATASETS\\archive\NMDC_minute.csv,2847065.450312568
D:\\FINANCE PROJECTS\\DATASETS\\archive\NSLNISP_minute.csv,1058463.0499917623
D:\\FINANCE PROJECTS\\DATASETS\\archive\NTPCGREEN_minute.csv,3497565.2645608876
D:\\FINANCE PROJECTS\\DATASETS\\archive\NTPC_minute.csv,5928033.308442484
D:\\FINANCE PROJECTS\\DATASETS\\archive\NUVAMA_minute.csv,1986155.1861400567
D:\\FINANCE PROJECTS\\DATASETS\\archive\NUVOCO_minute.csv,408202.04425997887
D:\\FINANCE PROJECTS\\DATASETS\\archive\NYKAA_minute.csv,4432339.671628452
D:\\FINANCE PROJECTS\\DATASETS\\archive\OBEROIRLTY_minute.csv,1495848.5516594376
D:\\FINANCE PROJECTS\\DATASETS\\archive\OFSS_minute.csv,1467552.1624996793
D:\\FINANCE PROJECTS\\DATASETS\\archive\OIL_minute.csv,1839381.4878884428
D:\\FINANCE PROJECTS\\DATASETS\\archive\OLAELEC_minute.csv,13503026.867578229
D:\\FINANCE PROJECTS\\DATASETS\\archive\OLECTRA_minute.csv,1231877.3617628673
D:\\FINANCE PROJECTS\\DATASETS\\archive\ONESOURCE_minute.csv,1122530.9526944298
D:\\FINANCE PROJECTS\\DATASETS\\archive\ONGC_minute.csv,5765269.131467168
D:\\FINANCE PROJECTS\\DATASETS\\archive\PAGEIND_minute.csv,2035715.4251830662
D:\\FINANCE PROJECTS\\DATASETS\\archive\PATANJALI_minute.csv,2034317.4294775445
D:\\FINANCE PROJECTS\\DATASETS\\archive\PAYTM_minute.csv,11540551.068554252
D:\\FINANCE PROJECTS\\DATASETS\\archive\PCBL_minute.csv,1015215.3503457058
D:\\FINANCE PROJECTS\\DATASETS\\archive\PERSISTENT_minute.csv,2564020.2323956443
D:\\FINANCE PROJECTS\\DATASETS\\archive\PETRONET_minute.csv,1929575.2399167495
D:\\FINANCE PROJECTS\\DATASETS\\archive\PFC_minute.csv,4514236.563757325
D:\\FINANCE PROJECTS\\DATASETS\\archive\PFIZER_minute.csv,424651.87909068214
D:\\FINANCE PROJECTS\\DATASETS\\archive\PGEL_minute.csv,777783.0654045899
D:\\FINANCE PROJECTS\\DATASETS\\archive\PGHH_minute.csv,237774.53377297573
D:\\FINANCE PROJECTS\\DATASETS\\archive\PHOENIXLTD_minute.csv,1008696.1740066148
D:\\FINANCE PROJECTS\\DATASETS\\archive\PIDILITIND_minute.csv,2184002.1542699276
D:\\FINANCE PROJECTS\\DATASETS\\archive\PIIND_minute.csv,1613886.6108947734
D:\\FINANCE PROJECTS\\DATASETS\\archive\PNBHOUSING_minute.csv,1589560.7373253065
D:\\FINANCE PROJECTS\\DATASETS\\archive\PNB_minute.csv,6839331.334458324
D:\\FINANCE PROJECTS\\DATASETS\\archive\POLICYBZR_minute.csv,4971548.84581014
D:\\FINANCE PROJECTS\\DATASETS\\archive\POLYCAB_minute.csv,4384093.47874326
D:\\FINANCE PROJECTS\\DATASETS\\archive\POLYMED_minute.csv,304744.2733919359
D:\\FINANCE PROJECTS\\DATASETS\\archive\POONAWALLA_minute.csv,1177802.3346389232
D:\\FINANCE PROJECTS\\DATASETS\\archive\POWERGRID_minute.csv,5667040.865447251
D:\\FINANCE PROJECTS\\DATASETS\\archive\POWERINDIA_minute.csv,1754793.0623204997
D:\\FINANCE PROJECTS\\DATASETS\\archive\PPLPHARMA_minute.csv,2716000.3375242515
D:\\FINANCE PROJECTS\\DATASETS\\archive\PRAJIND_minute.csv,888919.8200487363
D:\\FINANCE PROJECTS\\DATASETS\\archive\PREMIERENE_minute.csv,7116303.00616276
D:\\FINANCE PROJECTS\\DATASETS\\archive\PRESTIGE_minute.csv,1215189.880582266
D:\\FINANCE PROJECTS\\DATASETS\\archive\PTCIL_minute.csv,294559.2326365087
D:\\FINANCE PROJECTS\\DATASETS\\archive\PVRINOX_minute.csv,2390180.718836197
D:\\FINANCE PROJECTS\\DATASETS\\archive\RADICO_minute.csv,908185.8878962593
D:\\FINANCE PROJECTS\\DATASETS\\archive\RAILTEL_minute.csv,2978580.7665811954
D:\\FINANCE PROJECTS\\DATASETS\\archive\RAINBOW_minute.csv,741893.934349232
D:\\FINANCE PROJECTS\\DATASETS\\archive\RAMCOCEM_minute.csv,933634.4520863303
D:\\FINANCE PROJECTS\\DATASETS\\archive\RBLBANK_minute.csv,6055287.490104348
D:\\FINANCE PROJECTS\\DATASETS\\archive\RCF_minute.csv,1057353.9942319193
D:\\FINANCE PROJECTS\\DATASETS\\archive\RECLTD_minute.csv,4886859.225535583
D:\\FINANCE PROJECTS\\DATASETS\\archive\REDINGTON_minute.csv,886726.1218587398
D:\\FINANCE PROJECTS\\DATASETS\\archive\RELIANCE_minute.csv,36078622.41032496
D:\\FINANCE PROJECTS\\DATASETS\\archive\RHIM_minute.csv,285694.7673899845
D:\\FINANCE PROJECTS\\DATASETS\\archive\RITES_minute.csv,1271226.2527836403
D:\\FINANCE PROJECTS\\DATASETS\\archive\RKFORGE_minute.csv,499972.5582319088
D:\\FINANCE PROJECTS\\DATASETS\\archive\RPOWER_minute.csv,1818008.5593450852
D:\\FINANCE PROJECTS\\DATASETS\\archive\RRKABEL_minute.csv,1078969.0736292184
D:\\FINANCE PROJECTS\\DATASETS\\archive\RVNL_minute.csv,6743772.764557273
D:\\FINANCE PROJECTS\\DATASETS\\archive\SAGILITY_minute.csv,3977554.7940727584
D:\\FINANCE PROJECTS\\DATASETS\\archive\SAILIFE_minute.csv,2284264.418760146
D:\\FINANCE PROJECTS\\DATASETS\\archive\SAIL_minute.csv,5385352.402222813
D:\\FINANCE PROJECTS\\DATASETS\\archive\SAMMAANCAP_minute.csv,8696004.365408538
D:\\FINANCE PROJECTS\\DATASETS\\archive\SAPPHIRE_minute.csv,595666.597630939
D:\\FINANCE PROJECTS\\DATASETS\\archive\SARDAEN_minute.csv,291201.69714632945
D:\\FINANCE PROJECTS\\DATASETS\\archive\SAREGAMA_minute.csv,327642.86323516985
D:\\FINANCE PROJECTS\\DATASETS\\archive\SBFC_minute.csv,821593.2490068505
D:\\FINANCE PROJECTS\\DATASETS\\archive\SBICARD_minute.csv,3992548.513624837
D:\\FINANCE PROJECTS\\DATASETS\\archive\SBILIFE_minute.csv,3859633.8670260604
D:\\FINANCE PROJECTS\\DATASETS\\archive\SBIN_minute.csv,23116210.8832637
D:\\FINANCE PROJECTS\\DATASETS\\archive\SCHAEFFLER_minute.csv,435337.4070426626
D:\\FINANCE PROJECTS\\DATASETS\\archive\SCHNEIDER_minute.csv,289701.7476526974
D:\\FINANCE PROJECTS\\DATASETS\\archive\SCI_minute.csv,1005199.5909549014
D:\\FINANCE PROJECTS\\DATASETS\\archive\SHREECEM_minute.csv,2123252.2686941116
D:\\FINANCE PROJECTS\\DATASETS\\archive\SHRIRAMFIN_minute.csv,5795767.5896933405
D:\\FINANCE PROJECTS\\DATASETS\\archive\SHYAMMETL_minute.csv,908844.2519385413
D:\\FINANCE PROJECTS\\DATASETS\\archive\SIEMENS_minute.csv,2527772.70948948
D:\\FINANCE PROJECTS\\DATASETS\\archive\SIGNATURE_minute.csv,1619021.3616530586
D:\\FINANCE PROJECTS\\DATASETS\\archive\SJVN_minute.csv,1418816.7247915776
D:\\FINANCE PROJECTS\\DATASETS\\archive\SOBHA_minute.csv,647412.1519382069
D:\\FINANCE PROJECTS\\DATASETS\\archive\SOLARINDS_minute.csv,1014707.7618582316
D:\\FINANCE PROJECTS\\DATASETS\\archive\SONACOMS_minute.csv,3203352.3693739055
D:\\FINANCE PROJECTS\\DATASETS\\archive\SONATSOFTW_minute.csv,684869.7682815802
D:\\FINANCE PROJECTS\\DATASETS\\archive\SRF_minute.csv,2860185.611355
D:\\FINANCE PROJECTS\\DATASETS\\archive\STARHEALTH_minute.csv,965187.5593136371
D:\\FINANCE PROJECTS\\DATASETS\\archive\SUMICHEM_minute.csv,578388.2161173294
D:\\FINANCE PROJECTS\\DATASETS\\archive\SUNDARMFIN_minute.csv,532173.8633488946
D:\\FINANCE PROJECTS\\DATASETS\\archive\SUNDRMFAST_minute.csv,230032.43043234665
D:\\FINANCE PROJECTS\\DATASETS\\archive\SUNPHARMA_minute.csv,9319880.00371797
D:\\FINANCE PROJECTS\\DATASETS\\archive\SUNTV_minute.csv,2205648.281272125
D:\\FINANCE PROJECTS\\DATASETS\\archive\SUPREMEIND_minute.csv,898920.4303827703
D:\\FINANCE PROJECTS\\DATASETS\\archive\SUZLON_minute.csv,3457112.209817473
D:\\FINANCE PROJECTS\\DATASETS\\archive\SWANCORP_minute.csv,1212147.781902655
D:\\FINANCE PROJECTS\\DATASETS\\archive\SWIGGY_minute.csv,15551744.137911951
D:\\FINANCE PROJECTS\\DATASETS\\archive\SYNGENE_minute.csv,764385.8309306684
D:\\FINANCE PROJECTS\\DATASETS\\archive\SYRMA_minute.csv,1716104.0460462554
D:\\FINANCE PROJECTS\\DATASETS\\archive\TARIL_minute.csv,374829.94974845485
D:\\FINANCE PROJECTS\\DATASETS\\archive\TATACHEM_minute.csv,2842510.675587952
D:\\FINANCE PROJECTS\\DATASETS\\archive\TATACOMM_minute.csv,1554300.9898727436
D:\\FINANCE PROJECTS\\DATASETS\\archive\TATACONSUM_minute.csv,3171853.5029018074
D:\\FINANCE PROJECTS\\DATASETS\\archive\TATAELXSI_minute.csv,3418395.164077441
D:\\FINANCE PROJECTS\\DATASETS\\archive\TATAINVEST_minute.csv,925405.7083293966
D:\\FINANCE PROJECTS\\DATASETS\\archive\TATAPOWER_minute.csv,6829562.815052815
D:\\FINANCE PROJECTS\\DATASETS\\archive\TATASTEEL_minute.csv,14337251.964455508
D:\\FINANCE PROJECTS\\DATASETS\\archive\TATATECH_minute.csv,4016793.2915704814
D:\\FINANCE PROJECTS\\DATASETS\\archive\TBOTEK_minute.csv,922251.8356076435
D:\\FINANCE PROJECTS\\DATASETS\\archive\TCS_minute.csv,17549637.14072802
D:\\FINANCE PROJECTS\\DATASETS\\archive\TECHM_minute.csv,6531006.063655265
D:\\FINANCE PROJECTS\\DATASETS\\archive\TECHNOE_minute.csv,364634.7991783723
D:\\FINANCE PROJECTS\\DATASETS\\archive\TEJASNET_minute.csv,1086908.2356387135
D:\\FINANCE PROJECTS\\DATASETS\\archive\THELEELA_minute.csv,661781.8767324196
D:\\FINANCE PROJECTS\\DATASETS\\archive\THERMAX_minute.csv,547219.5165555509
D:\\FINANCE PROJECTS\\DATASETS\\archive\TIINDIA_minute.csv,1323590.7306399117
D:\\FINANCE PROJECTS\\DATASETS\\archive\TIMKEN_minute.csv,396861.4395289612
D:\\FINANCE PROJECTS\\DATASETS\\archive\TITAGARH_minute.csv,1407930.44963157
D:\\FINANCE PROJECTS\\DATASETS\\archive\TITAN_minute.csv,6680869.489468568
D:\\FINANCE PROJECTS\\DATASETS\\archive\TMPV_minute.csv,19405438.72307377
D:\\FINANCE PROJECTS\\DATASETS\\archive\TORNTPHARM_minute.csv,1751182.5376653492
D:\\FINANCE PROJECTS\\DATASETS\\archive\TORNTPOWER_minute.csv,1328348.1562867311
D:\\FINANCE PROJECTS\\DATASETS\\archive\TRENT_minute.csv,3640392.97280537
D:\\FINANCE PROJECTS\\DATASETS\\archive\TRIDENT_minute.csv,615604.6093643961
D:\\FINANCE PROJECTS\\DATASETS\\archive\TRITURBINE_minute.csv,685916.0299336801
D:\\FINANCE PROJECTS\\DATASETS\\archive\TRIVENI_minute.csv,410268.53206849087
D:\\FINANCE PROJECTS\\DATASETS\\archive\TTML_minute.csv,747722.380075509
D:\\FINANCE PROJECTS\\DATASETS\\archive\TVSMOTOR_minute.csv,3399266.3888714183
D:\\FINANCE PROJECTS\\DATASETS\\archive\UBL_minute.csv,1317877.507342871
D:\\FINANCE PROJECTS\\DATASETS\\archive\UCOBANK_minute.csv,702567.0428766266
D:\\FINANCE PROJECTS\\DATASETS\\archive\ULTRACEMCO_minute.csv,5980573.3138414025
D:\\FINANCE PROJECTS\\DATASETS\\archive\UNIONBANK_minute.csv,2523939.379761044
D:\\FINANCE PROJECTS\\DATASETS\\archive\UNITDSPR_minute.csv,3201975.1273213904
D:\\FINANCE PROJECTS\\DATASETS\\archive\UNOMINDA_minute.csv,734528.1333590769
D:\\FINANCE PROJECTS\\DATASETS\\archive\UPL_minute.csv,4399469.720388724
D:\\FINANCE PROJECTS\\DATASETS\\archive\USHAMART_minute.csv,374162.3335386159
D:\\FINANCE PROJECTS\\DATASETS\\archive\UTIAMC_minute.csv,617604.7911928529
D:\\FINANCE PROJECTS\\DATASETS\\archive\VBL_minute.csv,3292745.53233303
D:\\FINANCE PROJECTS\\DATASETS\\archive\VEDL_minute.csv,7764423.15721492
D:\\FINANCE PROJECTS\\DATASETS\\archive\VENTIVE_minute.csv,493707.0329007822
D:\\FINANCE PROJECTS\\DATASETS\\archive\VGUARD_minute.csv,375158.319173676
D:\\FINANCE PROJECTS\\DATASETS\\archive\VIJAYA_minute.csv,761323.7311232
D:\\FINANCE PROJECTS\\DATASETS\\archive\VMM_minute.csv,8910015.59741126
D:\\FINANCE PROJECTS\\DATASETS\\archive\VOLTAS_minute.csv,3294426.387256373
D:\\FINANCE PROJECTS\\DATASETS\\archive\VTL_minute.csv,313124.82707666163
D:\\FINANCE PROJECTS\\DATASETS\\archive\WAAREEENER_minute.csv,18227239.741145268
D:\\FINANCE PROJECTS\\DATASETS\\archive\WELCORP_minute.csv,735801.0773408787
D:\\FINANCE PROJECTS\\DATASETS\\archive\WELSPUNLIV_minute.csv,723163.171704029
D:\\FINANCE PROJECTS\\DATASETS\\archive\WHIRLPOOL_minute.csv,578176.117660013
D:\\FINANCE PROJECTS\\DATASETS\\archive\WIPRO_minute.csv,6077953.1172974985
D:\\FINANCE PROJECTS\\DATASETS\\archive\WOCKPHARMA_minute.csv,2224628.2167992108
D:\\FINANCE PROJECTS\\DATASETS\\archive\YESBANK_minute.csv,11536456.50902914
D:\\FINANCE PROJECTS\\DATASETS\\archive\ZEEL_minute.csv,7078599.21724335
D:\\FINANCE PROJECTS\\DATASETS\\archive\ZENSARTECH_minute.csv,860898.0620750783
D:\\FINANCE PROJECTS\\DATASETS\\archive\ZENTEC_minute.csv,605257.8381598484
D:\\FINANCE PROJECTS\\DATASETS\\archive\ZFCVINDIA_minute.csv,295127.0985987164
D:\\FINANCE PROJECTS\\DATASETS\\archive\ZYDUSLIFE_minute.csv,2528858.7017928907
